name,version,latestVersion,repository,published,publisher,size,license,isProd,isDev,isOptional,isPeer,isBundled,parents
"psilly-site","0.0.42","-","-","-","-","-","-",false,false,false,false,false,""
"@ampproject/remapping","2.2.0","-","-","-","-","-","-",false,true,false,false,false,"@babel/core@7.20.12"
"@babel/code-frame","7.18.6","-","-","-","-","-","-",false,true,false,false,false,"@babel/core@7.20.12,@babel/template@7.20.7,@babel/traverse@7.20.13,jest-message-util@29.4.3,parse-json@5.2.0"
"@babel/compat-data","7.20.14","-","-","-","-","-","-",false,true,false,false,false,"@babel/helper-compilation-targets@7.20.7"
"@babel/core","7.20.12","-","-","-","-","-","-",false,true,false,true,false,"@jest/transform@29.4.3,eslint-config-preact@1.3.0,istanbul-lib-instrument@5.2.1,jest-config@29.4.3,jest-snapshot@29.4.3,@babel/eslint-parser@7.19.1,@babel/helper-compilation-targets@7.20.7,@babel/plugin-syntax-async-generators@7.8.4,@babel/plugin-syntax-bigint@7.8.3,@babel/plugin-syntax-class-properties@7.12.13,@babel/plugin-syntax-decorators@7.19.0,@babel/plugin-syntax-import-meta@7.10.4,@babel/plugin-syntax-json-strings@7.8.3,@babel/plugin-syntax-jsx@7.18.6,@babel/plugin-syntax-logical-assignment-operators@7.10.4,@babel/plugin-syntax-nullish-coalescing-operator@7.8.3,@babel/plugin-syntax-numeric-separator@7.10.4,@babel/plugin-syntax-object-rest-spread@7.8.3,@babel/plugin-syntax-optional-catch-binding@7.8.3,@babel/plugin-syntax-optional-chaining@7.8.3,@babel/plugin-syntax-top-level-await@7.14.5,@babel/plugin-syntax-typescript@7.20.0,babel-jest@29.4.3,babel-preset-current-node-syntax@1.0.1,babel-preset-jest@29.4.3,ts-jest@29.0.5"
"@babel/eslint-parser","7.19.1","-","-","-","-","-","-",false,true,false,false,false,"eslint-config-preact@1.3.0"
"@babel/generator","7.20.14","-","-","-","-","-","-",false,true,false,false,false,"@babel/core@7.20.12,@babel/traverse@7.20.13,jest-snapshot@29.4.3"
"@babel/helper-compilation-targets","7.20.7","-","-","-","-","-","-",false,true,false,false,false,"@babel/core@7.20.12"
"@babel/helper-environment-visitor","7.18.9","-","-","-","-","-","-",false,true,false,false,false,"@babel/helper-module-transforms@7.20.11,@babel/traverse@7.20.13"
"@babel/helper-function-name","7.19.0","-","-","-","-","-","-",false,true,false,false,false,"@babel/traverse@7.20.13"
"@babel/helper-hoist-variables","7.18.6","-","-","-","-","-","-",false,true,false,false,false,"@babel/traverse@7.20.13"
"@babel/helper-module-imports","7.18.6","-","-","-","-","-","-",false,true,false,false,false,"@babel/helper-module-transforms@7.20.11"
"@babel/helper-module-transforms","7.20.11","-","-","-","-","-","-",false,true,false,false,false,"@babel/core@7.20.12"
"@babel/helper-plugin-utils","7.20.2","-","-","-","-","-","-",false,true,false,false,false,"@babel/plugin-syntax-async-generators@7.8.4,@babel/plugin-syntax-bigint@7.8.3,@babel/plugin-syntax-class-properties@7.12.13,@babel/plugin-syntax-decorators@7.19.0,@babel/plugin-syntax-import-meta@7.10.4,@babel/plugin-syntax-json-strings@7.8.3,@babel/plugin-syntax-jsx@7.18.6,@babel/plugin-syntax-logical-assignment-operators@7.10.4,@babel/plugin-syntax-nullish-coalescing-operator@7.8.3,@babel/plugin-syntax-numeric-separator@7.10.4,@babel/plugin-syntax-object-rest-spread@7.8.3,@babel/plugin-syntax-optional-catch-binding@7.8.3,@babel/plugin-syntax-optional-chaining@7.8.3,@babel/plugin-syntax-top-level-await@7.14.5,@babel/plugin-syntax-typescript@7.20.0,babel-plugin-istanbul@6.1.1"
"@babel/helper-simple-access","7.20.2","-","-","-","-","-","-",false,true,false,false,false,"@babel/helper-module-transforms@7.20.11"
"@babel/helper-split-export-declaration","7.18.6","-","-","-","-","-","-",false,true,false,false,false,"@babel/helper-module-transforms@7.20.11,@babel/traverse@7.20.13"
"@babel/helper-string-parser","7.19.4","-","-","-","-","-","-",false,true,false,false,false,"@babel/types@7.20.7"
"@babel/helper-validator-identifier","7.19.1","-","-","-","-","-","-",false,true,false,false,false,"@babel/helper-module-transforms@7.20.11,@babel/highlight@7.18.6,@babel/types@7.20.7"
"@babel/helper-validator-option","7.18.6","-","-","-","-","-","-",false,true,false,false,false,"@babel/helper-compilation-targets@7.20.7"
"@babel/helpers","7.20.13","-","-","-","-","-","-",false,true,false,false,false,"@babel/core@7.20.12"
"@babel/highlight","7.18.6","-","-","-","-","-","-",false,true,false,false,false,"@babel/code-frame@7.18.6"
"@babel/parser","7.20.15","-","-","-","-","-","-",false,true,false,false,false,"@babel/core@7.20.12,@babel/template@7.20.7,@babel/traverse@7.20.13,@types/babel__core@7.20.0,@types/babel__template@7.4.1,istanbul-lib-instrument@5.2.1"
"@babel/plugin-syntax-async-generators","7.8.4","-","-","-","-","-","-",false,true,false,false,false,"babel-preset-current-node-syntax@1.0.1"
"@babel/plugin-syntax-bigint","7.8.3","-","-","-","-","-","-",false,true,false,false,false,"babel-preset-current-node-syntax@1.0.1"
"@babel/plugin-syntax-class-properties","7.12.13","-","-","-","-","-","-",false,true,false,false,false,"babel-preset-current-node-syntax@1.0.1,eslint-config-preact@1.3.0"
"@babel/plugin-syntax-decorators","7.19.0","-","-","-","-","-","-",false,true,false,false,false,"eslint-config-preact@1.3.0"
"@babel/plugin-syntax-import-meta","7.10.4","-","-","-","-","-","-",false,true,false,false,false,"babel-preset-current-node-syntax@1.0.1"
"@babel/plugin-syntax-json-strings","7.8.3","-","-","-","-","-","-",false,true,false,false,false,"babel-preset-current-node-syntax@1.0.1"
"@babel/plugin-syntax-jsx","7.18.6","-","-","-","-","-","-",false,true,false,false,false,"eslint-config-preact@1.3.0,jest-snapshot@29.4.3"
"@babel/plugin-syntax-logical-assignment-operators","7.10.4","-","-","-","-","-","-",false,true,false,false,false,"babel-preset-current-node-syntax@1.0.1"
"@babel/plugin-syntax-nullish-coalescing-operator","7.8.3","-","-","-","-","-","-",false,true,false,false,false,"babel-preset-current-node-syntax@1.0.1"
"@babel/plugin-syntax-numeric-separator","7.10.4","-","-","-","-","-","-",false,true,false,false,false,"babel-preset-current-node-syntax@1.0.1"
"@babel/plugin-syntax-object-rest-spread","7.8.3","-","-","-","-","-","-",false,true,false,false,false,"babel-preset-current-node-syntax@1.0.1"
"@babel/plugin-syntax-optional-catch-binding","7.8.3","-","-","-","-","-","-",false,true,false,false,false,"babel-preset-current-node-syntax@1.0.1"
"@babel/plugin-syntax-optional-chaining","7.8.3","-","-","-","-","-","-",false,true,false,false,false,"babel-preset-current-node-syntax@1.0.1"
"@babel/plugin-syntax-top-level-await","7.14.5","-","-","-","-","-","-",false,true,false,false,false,"babel-preset-current-node-syntax@1.0.1"
"@babel/plugin-syntax-typescript","7.20.0","-","-","-","-","-","-",false,true,false,false,false,"jest-snapshot@29.4.3"
"@babel/template","7.20.7","-","-","-","-","-","-",false,true,false,false,false,"@babel/core@7.20.12,@babel/helper-function-name@7.19.0,@babel/helper-module-transforms@7.20.11,@babel/helpers@7.20.13,babel-plugin-jest-hoist@29.4.3"
"@babel/traverse","7.20.13","-","-","-","-","-","-",false,true,false,false,false,"@babel/core@7.20.12,@babel/helper-module-transforms@7.20.11,@babel/helpers@7.20.13,jest-snapshot@29.4.3"
"@babel/types","7.20.7","-","-","-","-","-","-",false,true,false,false,false,"@babel/core@7.20.12,@babel/generator@7.20.14,@babel/helper-function-name@7.19.0,@babel/helper-hoist-variables@7.18.6,@babel/helper-module-imports@7.18.6,@babel/helper-module-transforms@7.20.11,@babel/helper-simple-access@7.20.2,@babel/helper-split-export-declaration@7.18.6,@babel/helpers@7.20.13,@babel/template@7.20.7,@babel/traverse@7.20.13,@types/babel__core@7.20.0,@types/babel__generator@7.6.4,@types/babel__template@7.4.1,@types/babel__traverse@7.18.3,babel-plugin-jest-hoist@29.4.3,jest-snapshot@29.4.3"
"@bcoe/v8-coverage","0.2.3","-","-","-","-","-","-",false,true,false,false,false,"@jest/reporters@29.4.3"
"@eslint/eslintrc","1.4.1","-","-","-","-","-","-",false,true,false,true,false,"eslint@8.34.0"
"@gar/promisify","1.1.3","-","-","-","-","-","-",false,false,false,false,false,"@npmcli/fs@2.1.2"
"@humanwhocodes/config-array","0.11.8","-","-","-","-","-","-",false,true,false,true,false,"eslint@8.34.0"
"@humanwhocodes/module-importer","1.0.1","-","-","-","-","-","-",false,true,false,true,false,"eslint@8.34.0"
"@humanwhocodes/object-schema","1.2.1","-","-","-","-","-","-",false,true,false,true,false,"@humanwhocodes/config-array@0.11.8"
"@istanbuljs/load-nyc-config","1.1.0","-","-","-","-","-","-",false,true,false,false,false,"babel-plugin-istanbul@6.1.1"
"@istanbuljs/schema","0.1.3","-","-","-","-","-","-",false,true,false,false,false,"babel-plugin-istanbul@6.1.1,istanbul-lib-instrument@5.2.1,test-exclude@6.0.0"
"@jest/console","29.4.3","-","-","-","-","-","-",false,true,false,false,false,"@jest/core@29.4.3,@jest/reporters@29.4.3,@jest/test-result@29.4.3,jest-runner@29.4.3"
"@jest/core","29.4.3","-","-","-","-","-","-",false,true,false,false,false,"jest-cli@29.4.3,jest@29.4.3"
"@jest/environment","29.4.3","-","-","-","-","-","-",false,true,false,false,false,"@jest/globals@29.4.3,jest-circus@29.4.3,jest-environment-node@29.4.3,jest-runner@29.4.3,jest-runtime@29.4.3"
"@jest/expect-utils","29.4.2","-","-","-","-","-","-",false,true,false,false,false,"expect@29.4.2"
"@jest/expect-utils","29.4.3","-","-","-","-","-","-",false,true,false,false,false,"expect@29.4.3,jest-snapshot@29.4.3"
"@jest/expect","29.4.3","-","-","-","-","-","-",false,true,false,false,false,"@jest/globals@29.4.3,jest-circus@29.4.3"
"@jest/fake-timers","29.4.3","-","-","-","-","-","-",false,true,false,false,false,"@jest/environment@29.4.3,jest-environment-node@29.4.3,jest-runtime@29.4.3"
"@jest/globals","29.4.3","-","-","-","-","-","-",false,true,false,false,false,"jest-runtime@29.4.3"
"@jest/reporters","29.4.3","-","-","-","-","-","-",false,true,false,false,false,"@jest/core@29.4.3"
"@jest/schemas","29.4.2","-","-","-","-","-","-",false,true,false,false,false,"@jest/types@29.4.2,pretty-format@29.4.2"
"@jest/schemas","29.4.3","-","-","-","-","-","-",false,true,false,false,false,"@jest/types@29.4.3,pretty-format@29.4.3"
"@jest/source-map","29.4.3","-","-","-","-","-","-",false,true,false,false,false,"jest-runtime@29.4.3"
"@jest/test-result","29.4.3","-","-","-","-","-","-",false,true,false,false,false,"@jest/core@29.4.3,@jest/reporters@29.4.3,@jest/test-sequencer@29.4.3,jest-circus@29.4.3,jest-cli@29.4.3,jest-runner@29.4.3,jest-runtime@29.4.3,jest-watcher@29.4.3"
"@jest/test-sequencer","29.4.3","-","-","-","-","-","-",false,true,false,false,false,"jest-config@29.4.3"
"@jest/transform","29.4.3","-","-","-","-","-","-",false,true,false,false,false,"@jest/core@29.4.3,@jest/reporters@29.4.3,babel-jest@29.4.3,jest-runner@29.4.3,jest-runtime@29.4.3,jest-snapshot@29.4.3"
"@jest/types","27.5.1","-","-","-","-","-","-",false,true,false,true,false,"jest-haste-map@27.5.1,jest-resolve@27.5.1,jest-util@27.5.1,jest-validate@27.5.1"
"@jest/types","29.4.2","-","-","-","-","-","-",false,true,false,true,false,"jest-message-util@29.4.2,jest-util@29.4.2,ts-jest@29.0.5"
"@jest/types","29.4.3","-","-","-","-","-","-",false,true,false,false,false,"@jest/console@29.4.3,@jest/core@29.4.3,@jest/environment@29.4.3,@jest/fake-timers@29.4.3,@jest/globals@29.4.3,@jest/reporters@29.4.3,@jest/test-result@29.4.3,@jest/transform@29.4.3,jest-circus@29.4.3,jest-cli@29.4.3,jest-config@29.4.3,jest-each@29.4.3,jest-environment-node@29.4.3,jest-haste-map@29.4.3,jest-message-util@29.4.3,jest-mock@29.4.3,jest-runner@29.4.3,jest-runtime@29.4.3,jest-snapshot@29.4.3,jest-util@29.4.3,jest-validate@29.4.3,jest-watcher@29.4.3,jest@29.4.3"
"@jridgewell/gen-mapping","0.1.1","-","-","-","-","-","-",false,true,false,false,false,"@ampproject/remapping@2.2.0"
"@jridgewell/gen-mapping","0.3.2","-","-","-","-","-","-",false,true,false,false,false,"@babel/generator@7.20.14"
"@jridgewell/resolve-uri","3.1.0","-","-","-","-","-","-",false,true,false,false,false,"@jridgewell/trace-mapping@0.3.17"
"@jridgewell/set-array","1.1.2","-","-","-","-","-","-",false,true,false,false,false,"@jridgewell/gen-mapping@0.3.2"
"@jridgewell/sourcemap-codec","1.4.14","-","-","-","-","-","-",false,true,false,false,false,"@jridgewell/gen-mapping@0.3.2,@jridgewell/trace-mapping@0.3.17"
"@jridgewell/trace-mapping","0.3.17","-","-","-","-","-","-",false,true,false,false,false,"@ampproject/remapping@2.2.0,@jest/reporters@29.4.3,@jest/source-map@29.4.3,@jest/transform@29.4.3,@jridgewell/gen-mapping@0.3.2,v8-to-istanbul@9.1.0"
"@mdn/browser-compat-data","3.3.14","-","-","-","-","-","-",false,true,false,false,false,"ast-metadata-inferer@0.7.0"
"@mdn/browser-compat-data","5.2.35","-","-","-","-","-","-",false,true,false,false,false,"eslint-plugin-compat@4.1.1"
"@nicolo-ribaudo/eslint-scope-5-internals","5.1.1-v1","-","-","-","-","-","-",false,true,false,false,false,"@babel/eslint-parser@7.19.1"
"@nodelib/fs.scandir","2.1.5","-","-","-","-","-","-",false,true,false,false,false,"@nodelib/fs.walk@1.2.8"
"@nodelib/fs.stat","2.0.5","-","-","-","-","-","-",false,true,false,false,false,"@nodelib/fs.scandir@2.1.5,fast-glob@3.2.12"
"@nodelib/fs.walk","1.2.8","-","-","-","-","-","-",false,true,false,true,false,"eslint@8.34.0,fast-glob@3.2.12"
"@npmcli/fs","2.1.2","-","-","-","-","-","-",false,false,false,false,false,"cacache@16.1.3"
"@npmcli/move-file","2.0.1","-","-","-","-","-","-",false,false,false,false,false,"cacache@16.1.3"
"@sinclair/typebox","0.25.21","-","-","-","-","-","-",false,true,false,false,false,"@jest/schemas@29.4.3"
"@sinonjs/commons","2.0.0","-","-","-","-","-","-",false,true,false,false,false,"@sinonjs/fake-timers@10.0.2"
"@sinonjs/fake-timers","10.0.2","-","-","-","-","-","-",false,true,false,false,false,"@jest/fake-timers@29.4.3"
"@tootallnate/once","2.0.0","-","-","-","-","-","-",false,false,false,false,false,"http-proxy-agent@5.0.0"
"@types/babel__core","7.20.0","-","-","-","-","-","-",false,true,false,false,false,"babel-jest@29.4.3,babel-plugin-jest-hoist@29.4.3"
"@types/babel__generator","7.6.4","-","-","-","-","-","-",false,true,false,false,false,"@types/babel__core@7.20.0"
"@types/babel__template","7.4.1","-","-","-","-","-","-",false,true,false,false,false,"@types/babel__core@7.20.0"
"@types/babel__traverse","7.18.3","-","-","-","-","-","-",false,true,false,false,false,"@types/babel__core@7.20.0,babel-plugin-jest-hoist@29.4.3,jest-snapshot@29.4.3"
"@types/cheerio","0.22.31","-","-","-","-","-","-",false,true,false,false,false,"@types/enzyme@3.10.12"
"@types/enzyme","3.10.12","-","-","-","-","-","-",false,true,false,false,false,"psilly-site@0.0.0-use.local,psilly-site@0.0.42"
"@types/graceful-fs","4.1.6","-","-","-","-","-","-",false,true,false,true,false,"jest-haste-map@29.4.3"
"@types/istanbul-lib-coverage","2.0.4","-","-","-","-","-","-",false,true,false,true,false,"@jest/test-result@29.4.3,@jest/types@29.4.3,@types/istanbul-lib-report@3.0.0,v8-to-istanbul@9.1.0"
"@types/istanbul-lib-report","3.0.0","-","-","-","-","-","-",false,true,false,false,false,"@types/istanbul-reports@3.0.1"
"@types/istanbul-reports","3.0.1","-","-","-","-","-","-",false,true,false,true,false,"@jest/types@29.4.3"
"@types/jest","29.4.0","-","-","-","-","-","-",false,true,false,false,false,"psilly-site@0.0.0-use.local,psilly-site@0.0.42"
"@types/json-schema","7.0.11","-","-","-","-","-","-",false,true,false,false,false,"@typescript-eslint/utils@5.53.0"
"@types/node","18.13.0","-","-","-","-","-","-",false,true,false,true,false,"@jest/console@29.4.3,@jest/core@29.4.3,@jest/environment@29.4.3,@jest/fake-timers@29.4.3,@jest/reporters@29.4.3,@jest/types@29.4.3,@types/cheerio@0.22.31,@types/graceful-fs@4.1.6,jest-circus@29.4.3,jest-environment-node@29.4.3,jest-haste-map@29.4.3,jest-mock@29.4.3,jest-runner@29.4.3,jest-runtime@29.4.3,jest-serializer@27.5.1,jest-util@29.4.3,jest-watcher@29.4.3,jest-worker@29.4.3,jest-config@29.4.3"
"@types/prettier","2.7.2","-","-","-","-","-","-",false,true,false,false,false,"jest-snapshot@29.4.3"
"@types/prop-types","15.7.5","-","-","-","-","-","-",false,true,false,false,false,"@types/react@18.0.28"
"@types/react-helmet","6.1.6","-","-","-","-","-","-",false,true,false,false,false,"psilly-site@0.0.0-use.local,psilly-site@0.0.42"
"@types/react","18.0.28","-","-","-","-","-","-",false,true,false,false,false,"@types/enzyme@3.10.12,@types/react-helmet@6.1.6,psilly-site@0.0.0-use.local,psilly-site@0.0.42"
"@types/scheduler","0.16.2","-","-","-","-","-","-",false,true,false,false,false,"@types/react@18.0.28"
"@types/semver","7.3.13","-","-","-","-","-","-",false,true,false,false,false,"@typescript-eslint/utils@5.53.0"
"@types/stack-utils","2.0.1","-","-","-","-","-","-",false,true,false,false,false,"jest-message-util@29.4.3"
"@types/yargs-parser","21.0.0","-","-","-","-","-","-",false,true,false,true,false,"@types/yargs@17.0.22"
"@types/yargs","16.0.5","-","-","-","-","-","-",false,true,false,true,false,"@jest/types@27.5.1"
"@types/yargs","17.0.22","-","-","-","-","-","-",false,true,false,false,false,"@jest/types@29.4.3"
"@typescript-eslint/eslint-plugin","5.53.0","-","-","-","-","-","-",false,true,false,true,false,"psilly-site@0.0.0-use.local,psilly-site@0.0.42,eslint-plugin-jest@25.7.0"
"@typescript-eslint/experimental-utils","5.51.0","-","-","-","-","-","-",false,true,false,false,false,"eslint-plugin-jest@25.7.0"
"@typescript-eslint/parser","5.53.0","-","-","-","-","-","-",false,true,false,true,false,"psilly-site@0.0.0-use.local,psilly-site@0.0.42,@typescript-eslint/eslint-plugin@5.53.0"
"@typescript-eslint/scope-manager","5.51.0","-","-","-","-","-","-",false,true,false,false,false,"@typescript-eslint/utils@5.51.0"
"@typescript-eslint/scope-manager","5.53.0","-","-","-","-","-","-",false,true,false,true,false,"@typescript-eslint/eslint-plugin@5.53.0,@typescript-eslint/parser@5.53.0,@typescript-eslint/utils@5.53.0"
"@typescript-eslint/type-utils","5.53.0","-","-","-","-","-","-",false,true,false,false,false,"@typescript-eslint/eslint-plugin@5.53.0"
"@typescript-eslint/types","5.51.0","-","-","-","-","-","-",false,true,false,false,false,"@typescript-eslint/scope-manager@5.51.0,@typescript-eslint/typescript-estree@5.51.0,@typescript-eslint/utils@5.51.0,@typescript-eslint/visitor-keys@5.51.0"
"@typescript-eslint/types","5.53.0","-","-","-","-","-","-",false,true,false,true,false,"@typescript-eslint/parser@5.53.0,@typescript-eslint/scope-manager@5.53.0,@typescript-eslint/typescript-estree@5.53.0,@typescript-eslint/utils@5.53.0,@typescript-eslint/visitor-keys@5.53.0"
"@typescript-eslint/typescript-estree","5.51.0","-","-","-","-","-","-",false,true,false,false,false,"@typescript-eslint/utils@5.51.0"
"@typescript-eslint/typescript-estree","5.53.0","-","-","-","-","-","-",false,true,false,true,false,"@typescript-eslint/parser@5.53.0,@typescript-eslint/type-utils@5.53.0,@typescript-eslint/utils@5.53.0"
"@typescript-eslint/utils","5.51.0","-","-","-","-","-","-",false,true,false,false,false,"@typescript-eslint/experimental-utils@5.51.0"
"@typescript-eslint/utils","5.53.0","-","-","-","-","-","-",false,true,false,false,false,"@typescript-eslint/eslint-plugin@5.53.0,@typescript-eslint/type-utils@5.53.0"
"@typescript-eslint/visitor-keys","5.51.0","-","-","-","-","-","-",false,true,false,false,false,"@typescript-eslint/scope-manager@5.51.0,@typescript-eslint/typescript-estree@5.51.0"
"@typescript-eslint/visitor-keys","5.53.0","-","-","-","-","-","-",false,true,false,false,false,"@typescript-eslint/scope-manager@5.53.0,@typescript-eslint/typescript-estree@5.53.0"
"abbrev","1.1.1","-","-","-","-","-","-",false,false,false,false,false,"nopt@6.0.0"
"acorn-jsx","5.3.2","-","-","-","-","-","-",false,true,false,true,false,"espree@9.4.1"
"acorn","8.8.2","-","-","-","-","-","-",false,true,false,true,false,"espree@9.4.1,acorn-jsx@5.3.2"
"agent-base","6.0.2","-","-","-","-","-","-",false,false,false,false,false,"http-proxy-agent@5.0.0,https-proxy-agent@5.0.1,socks-proxy-agent@7.0.0"
"agentkeepalive","4.2.1","-","-","-","-","-","-",false,false,false,false,false,"make-fetch-happen@10.2.1"
"aggregate-error","3.1.0","-","-","-","-","-","-",false,false,false,false,false,"p-map@4.0.0"
"ajv","6.12.6","-","-","-","-","-","-",false,true,false,true,false,"@eslint/eslintrc@1.4.1,eslint@8.34.0"
"ansi-escapes","4.3.2","-","-","-","-","-","-",false,true,false,false,false,"@jest/core@29.4.3,jest-watcher@29.4.3"
"ansi-regex","5.0.1","-","-","-","-","-","-",false,true,false,true,false,"pretty-format@27.5.1,strip-ansi@6.0.1"
"ansi-styles","3.2.1","-","-","-","-","-","-",false,true,false,false,false,"chalk@2.4.2"
"ansi-styles","4.3.0","-","-","-","-","-","-",false,true,false,false,false,"chalk@4.1.2,wrap-ansi@7.0.0"
"ansi-styles","5.2.0","-","-","-","-","-","-",false,true,false,true,false,"pretty-format@29.4.3"
"anymatch","3.1.3","-","-","-","-","-","-",false,true,false,true,false,"jest-haste-map@29.4.3"
"aproba","2.0.0","-","-","-","-","-","-",false,false,false,false,false,"gauge@4.0.4"
"are-we-there-yet","3.0.1","-","-","-","-","-","-",false,false,false,false,false,"npmlog@6.0.2"
"argparse","1.0.10","-","-","-","-","-","-",false,true,false,false,false,"js-yaml@3.14.1"
"argparse","2.0.1","-","-","-","-","-","-",false,true,false,true,false,"js-yaml@4.1.0"
"array-includes","3.1.6","-","-","-","-","-","-",false,true,false,false,false,"eslint-plugin-react@7.32.2,jsx-ast-utils@3.3.3"
"array-union","1.0.2","-","-","-","-","-","-",false,true,false,false,false,"globby@6.1.0"
"array-union","2.1.0","-","-","-","-","-","-",false,true,false,false,false,"globby@11.1.0"
"array-uniq","1.0.3","-","-","-","-","-","-",false,true,false,false,false,"array-union@1.0.2"
"array.prototype.filter","1.0.2","-","-","-","-","-","-",false,true,false,false,false,"html-element-map@1.3.1"
"array.prototype.flat","1.3.1","-","-","-","-","-","-",false,true,false,false,false,"enzyme@3.11.0"
"array.prototype.flatmap","1.3.1","-","-","-","-","-","-",false,true,false,false,false,"eslint-plugin-react@7.32.2"
"array.prototype.tosorted","1.1.1","-","-","-","-","-","-",false,true,false,false,false,"eslint-plugin-react@7.32.2"
"ast-metadata-inferer","0.7.0","-","-","-","-","-","-",false,true,false,false,false,"eslint-plugin-compat@4.1.1"
"async","3.2.4","-","-","-","-","-","-",false,true,false,false,false,"gh-pages@5.0.0"
"available-typed-arrays","1.0.5","-","-","-","-","-","-",false,true,false,false,false,"es-abstract@1.21.1,is-typed-array@1.1.10,which-typed-array@1.1.9"
"babel-jest","29.4.3","-","-","-","-","-","-",false,true,false,true,false,"jest-config@29.4.3,ts-jest@29.0.5"
"babel-plugin-istanbul","6.1.1","-","-","-","-","-","-",false,true,false,false,false,"@jest/transform@29.4.3,babel-jest@29.4.3"
"babel-plugin-jest-hoist","29.4.3","-","-","-","-","-","-",false,true,false,false,false,"babel-preset-jest@29.4.3"
"babel-preset-current-node-syntax","1.0.1","-","-","-","-","-","-",false,true,false,false,false,"babel-preset-jest@29.4.3,jest-snapshot@29.4.3"
"babel-preset-jest","29.4.3","-","-","-","-","-","-",false,true,false,false,false,"babel-jest@29.4.3"
"balanced-match","1.0.2","-","-","-","-","-","-",false,true,false,true,false,"brace-expansion@2.0.1"
"base64-js","1.5.1","1.5.1","git://github.com/beatgammit/base64-js.git","2020-11-11T19:33:48.234Z","feross (feross@feross.org)",9624,"MIT",true,false,false,false,false,"buffer@6.0.3"
"boolbase","1.0.0","-","-","-","-","-","-",false,true,false,false,false,"cheerio-select@2.1.0,css-select@5.1.0,nth-check@2.1.1"
"brace-expansion","1.1.11","-","-","-","-","-","-",false,true,false,true,false,"minimatch@3.1.2"
"brace-expansion","2.0.1","-","-","-","-","-","-",false,false,false,false,false,"minimatch@5.1.6"
"braces","3.0.2","-","-","-","-","-","-",false,true,false,false,false,"micromatch@4.0.5"
"browserslist","4.21.5","-","-","-","-","-","-",false,true,false,true,false,"@babel/helper-compilation-targets@7.20.7,eslint-plugin-compat@4.1.1,update-browserslist-db@1.0.10"
"bs-logger","0.2.6","-","-","-","-","-","-",false,true,false,false,false,"ts-jest@29.0.5"
"bser","2.1.1","-","-","-","-","-","-",false,true,false,false,false,"fb-watchman@2.0.2"
"buffer-from","1.1.2","-","-","-","-","-","-",false,true,false,false,false,"source-map-support@0.5.13"
"buffer","6.0.3","6.0.3","git://github.com/feross/buffer.git","2020-11-23T02:51:27.107Z","feross (feross@feross.org)",91279,"MIT",true,false,false,false,false,"psilly-site@0.0.0-use.local"
"cacache","16.1.3","-","-","-","-","-","-",false,false,false,false,false,"make-fetch-happen@10.2.1"
"call-bind","1.0.2","-","-","-","-","-","-",false,true,false,false,false,"array-includes@3.1.6,array.prototype.filter@1.0.2,array.prototype.flat@1.3.1,array.prototype.flatmap@1.3.1,array.prototype.tosorted@1.1.1,es-abstract@1.21.1,function.prototype.name@1.1.5,get-symbol-description@1.0.0,html-element-map@1.3.1,is-array-buffer@3.0.1,is-boolean-object@1.1.2,is-regex@1.1.4,is-shared-array-buffer@1.0.2,is-typed-array@1.1.10,is-weakref@1.0.2,object-is@1.1.5,object.assign@4.1.4,object.entries@1.1.6,object.fromentries@2.0.6,object.values@1.1.6,regexp.prototype.flags@1.4.3,safe-regex-test@1.0.0,side-channel@1.0.4,string.prototype.matchall@4.0.8,string.prototype.trim@1.2.7,string.prototype.trimend@1.0.6,string.prototype.trimstart@1.0.6,typed-array-length@1.0.4,unbox-primitive@1.0.2,which-typed-array@1.1.9"
"callsites","3.1.0","-","-","-","-","-","-",false,true,false,true,false,"@jest/source-map@29.4.3,parent-module@1.0.1"
"camelcase","5.3.1","-","-","-","-","-","-",false,true,false,false,false,"@istanbuljs/load-nyc-config@1.1.0"
"camelcase","6.3.0","-","-","-","-","-","-",false,true,false,true,false,"jest-validate@29.4.3"
"caniuse-lite","1.0.30001451","-","-","-","-","-","-",false,true,false,false,false,"browserslist@4.21.5,eslint-plugin-compat@4.1.1"
"chalk","2.4.2","-","-","-","-","-","-",false,true,false,false,false,"@babel/highlight@7.18.6"
"chalk","4.1.2","-","-","-","-","-","-",false,true,false,true,false,"@jest/console@29.4.3,@jest/core@29.4.3,@jest/reporters@29.4.3,@jest/transform@29.4.3,@jest/types@29.4.3,babel-jest@29.4.3,eslint@8.34.0,jest-circus@29.4.3,jest-cli@29.4.3,jest-config@29.4.3,jest-diff@29.4.3,jest-each@29.4.3,jest-matcher-utils@29.4.3,jest-message-util@29.4.3,jest-resolve@29.4.3,jest-runner@29.4.3,jest-runtime@29.4.3,jest-snapshot@29.4.3,jest-util@29.4.3,jest-validate@29.4.3,jest-watcher@29.4.3"
"char-regex","1.0.2","-","-","-","-","-","-",false,true,false,false,false,"string-length@4.0.2"
"cheerio-select","2.1.0","-","-","-","-","-","-",false,true,false,false,false,"cheerio@1.0.0-rc.12"
"cheerio","1.0.0-rc.12","-","-","-","-","-","-",false,true,false,false,false,"enzyme@3.11.0"
"chownr","2.0.0","-","-","-","-","-","-",false,false,false,false,false,"cacache@16.1.3,tar@6.1.13"
"ci-info","3.8.0","-","-","-","-","-","-",false,true,false,true,false,"@jest/core@29.4.3,jest-config@29.4.3,jest-util@29.4.3"
"cjs-module-lexer","1.2.2","-","-","-","-","-","-",false,true,false,false,false,"jest-runtime@29.4.3"
"clean-stack","2.2.0","-","-","-","-","-","-",false,false,false,false,false,"aggregate-error@3.1.0"
"cliui","8.0.1","-","-","-","-","-","-",false,true,false,false,false,"yargs@17.7.0"
"co","4.6.0","-","-","-","-","-","-",false,true,false,false,false,"jest-circus@29.4.3"
"collect-v8-coverage","1.0.1","-","-","-","-","-","-",false,true,false,false,false,"@jest/reporters@29.4.3,@jest/test-result@29.4.3,jest-runtime@29.4.3"
"color-convert","1.9.3","-","-","-","-","-","-",false,true,false,false,false,"ansi-styles@3.2.1"
"color-convert","2.0.1","-","-","-","-","-","-",false,true,false,false,false,"ansi-styles@4.3.0"
"color-name","1.1.3","-","-","-","-","-","-",false,true,false,false,false,"color-convert@1.9.3"
"color-name","1.1.4","-","-","-","-","-","-",false,true,false,false,false,"color-convert@2.0.1"
"color-support","1.1.3","-","-","-","-","-","-",false,false,false,false,false,"gauge@4.0.4"
"commander","2.20.3","-","-","-","-","-","-",false,true,false,false,false,"gh-pages@5.0.0,nearley@2.20.1"
"commondir","1.0.1","-","-","-","-","-","-",false,true,false,false,false,"find-cache-dir@3.3.2"
"concat-map","0.0.1","-","-","-","-","-","-",false,true,false,true,false,"brace-expansion@1.1.11"
"console-control-strings","1.1.0","-","-","-","-","-","-",false,false,false,false,false,"gauge@4.0.4,npmlog@6.0.2"
"convert-source-map","1.9.0","-","-","-","-","-","-",false,true,false,false,false,"@babel/core@7.20.12,v8-to-istanbul@9.1.0"
"convert-source-map","2.0.0","-","-","-","-","-","-",false,true,false,false,false,"@jest/transform@29.4.3"
"core-js","3.27.2","-","-","-","-","-","-",false,true,false,false,false,"eslint-plugin-compat@4.1.1"
"cross-spawn","7.0.3","-","-","-","-","-","-",false,true,false,true,false,"eslint@8.34.0,execa@5.1.1"
"css-select","5.1.0","-","-","-","-","-","-",false,true,false,false,false,"cheerio-select@2.1.0"
"css-what","6.1.0","-","-","-","-","-","-",false,true,false,false,false,"cheerio-select@2.1.0,css-select@5.1.0"
"csstype","3.1.1","-","-","-","-","-","-",false,true,false,false,false,"@types/react@18.0.28"
"debug","4.3.4","-","-","-","-","-","-",false,true,false,true,false,"@babel/core@7.20.12,@babel/traverse@7.20.13,@eslint/eslintrc@1.4.1,@humanwhocodes/config-array@0.11.8,@typescript-eslint/eslint-plugin@5.53.0,@typescript-eslint/parser@5.53.0,@typescript-eslint/type-utils@5.53.0,@typescript-eslint/typescript-estree@5.53.0,agent-base@6.0.2,agentkeepalive@4.2.1,eslint@8.34.0,http-proxy-agent@5.0.0,https-proxy-agent@5.0.1,istanbul-lib-source-maps@4.0.1,socks-proxy-agent@7.0.0"
"dedent","0.7.0","-","-","-","-","-","-",false,true,false,false,false,"jest-circus@29.4.3"
"deep-is","0.1.4","-","-","-","-","-","-",false,true,false,true,false,"optionator@0.9.1"
"deepmerge","4.3.0","-","-","-","-","-","-",false,true,false,false,false,"jest-config@29.4.3"
"define-properties","1.2.0","-","-","-","-","-","-",false,true,false,false,false,"array-includes@3.1.6,array.prototype.filter@1.0.2,array.prototype.flat@1.3.1,array.prototype.flatmap@1.3.1,array.prototype.tosorted@1.1.1,function.prototype.name@1.1.5,globalthis@1.0.3,object-is@1.1.5,object.assign@4.1.4,object.entries@1.1.6,object.fromentries@2.0.6,object.hasown@1.1.2,object.values@1.1.6,regexp.prototype.flags@1.4.3,string.prototype.matchall@4.0.8,string.prototype.trim@1.2.7,string.prototype.trimend@1.0.6,string.prototype.trimstart@1.0.6"
"delegates","1.0.0","-","-","-","-","-","-",false,false,false,false,false,"are-we-there-yet@3.0.1"
"depd","1.1.2","-","-","-","-","-","-",false,false,false,false,false,"agentkeepalive@4.2.1"
"detect-newline","3.1.0","-","-","-","-","-","-",false,true,false,false,false,"jest-docblock@29.4.3"
"diff-sequences","29.4.2","-","-","-","-","-","-",false,true,false,false,false,"jest-diff@29.4.2"
"diff-sequences","29.4.3","-","-","-","-","-","-",false,true,false,false,false,"jest-diff@29.4.3"
"dir-glob","3.0.1","-","-","-","-","-","-",false,true,false,false,false,"globby@11.1.0"
"discontinuous-range","1.0.0","-","-","-","-","-","-",false,true,false,false,false,"randexp@0.4.6"
"doctrine","2.1.0","-","-","-","-","-","-",false,true,false,false,false,"eslint-plugin-react@7.32.2"
"doctrine","3.0.0","-","-","-","-","-","-",false,true,false,true,false,"eslint@8.34.0"
"dom-serializer","2.0.0","-","-","-","-","-","-",false,true,false,false,false,"cheerio@1.0.0-rc.12,domutils@3.0.1"
"domelementtype","2.3.0","-","-","-","-","-","-",false,true,false,false,false,"cheerio-select@2.1.0,dom-serializer@2.0.0,domhandler@5.0.3,domutils@3.0.1,htmlparser2@8.0.1"
"domhandler","5.0.3","-","-","-","-","-","-",false,true,false,false,false,"cheerio-select@2.1.0,cheerio@1.0.0-rc.12,css-select@5.1.0,dom-serializer@2.0.0,domutils@3.0.1,htmlparser2@8.0.1,parse5-htmlparser2-tree-adapter@7.0.0"
"domutils","3.0.1","-","-","-","-","-","-",false,true,false,false,false,"cheerio-select@2.1.0,cheerio@1.0.0-rc.12,css-select@5.1.0,htmlparser2@8.0.1"
"electron-to-chromium","1.4.295","-","-","-","-","-","-",false,true,false,false,false,"browserslist@4.21.5"
"email-addresses","5.0.0","-","-","-","-","-","-",false,true,false,false,false,"gh-pages@5.0.0"
"emittery","0.13.1","-","-","-","-","-","-",false,true,false,false,false,"jest-runner@29.4.3,jest-watcher@29.4.3"
"emoji-regex","8.0.0","-","-","-","-","-","-",false,true,false,false,false,"string-width@4.2.3"
"encoding","0.1.13","-","-","-","-","-","-",false,false,false,false,false,"minipass-fetch@2.1.2"
"entities","4.4.0","-","-","-","-","-","-",false,true,false,false,false,"dom-serializer@2.0.0,htmlparser2@8.0.1,parse5@7.1.2,psilly-site@0.0.0-use.local,psilly-site@0.0.42"
"env-paths","2.2.1","-","-","-","-","-","-",false,false,false,false,false,"node-gyp@9.3.1"
"enzyme-shallow-equal","1.0.5","-","-","-","-","-","-",false,true,false,false,false,"enzyme@3.11.0"
"enzyme","3.11.0","-","-","-","-","-","-",false,true,false,false,false,"psilly-site@0.0.0-use.local,psilly-site@0.0.42"
"err-code","2.0.3","-","-","-","-","-","-",false,false,false,false,false,"promise-retry@2.0.1"
"error-ex","1.3.2","-","-","-","-","-","-",false,true,false,false,false,"parse-json@5.2.0"
"es-abstract","1.21.1","-","-","-","-","-","-",false,true,false,false,false,"array-includes@3.1.6,array.prototype.filter@1.0.2,array.prototype.flat@1.3.1,array.prototype.flatmap@1.3.1,array.prototype.tosorted@1.1.1,function.prototype.name@1.1.5,object.entries@1.1.6,object.fromentries@2.0.6,object.hasown@1.1.2,object.values@1.1.6,string.prototype.matchall@4.0.8,string.prototype.trim@1.2.7,string.prototype.trimend@1.0.6,string.prototype.trimstart@1.0.6"
"es-array-method-boxes-properly","1.0.0","-","-","-","-","-","-",false,true,false,false,false,"array.prototype.filter@1.0.2"
"es-set-tostringtag","2.0.1","-","-","-","-","-","-",false,true,false,false,false,"es-abstract@1.21.1"
"es-shim-unscopables","1.0.0","-","-","-","-","-","-",false,true,false,false,false,"array.prototype.flat@1.3.1,array.prototype.flatmap@1.3.1,array.prototype.tosorted@1.1.1"
"es-to-primitive","1.2.1","-","-","-","-","-","-",false,true,false,false,false,"es-abstract@1.21.1"
"escalade","3.1.1","-","-","-","-","-","-",false,true,false,false,false,"update-browserslist-db@1.0.10,yargs@17.7.0"
"escape-string-regexp","1.0.5","-","-","-","-","-","-",false,true,false,false,false,"chalk@2.4.2,strip-outer@1.0.1,trim-repeated@1.0.0"
"escape-string-regexp","2.0.0","-","-","-","-","-","-",false,true,false,false,false,"stack-utils@2.0.6"
"escape-string-regexp","4.0.0","-","-","-","-","-","-",false,true,false,true,false,"eslint@8.34.0"
"eslint-config-preact","1.3.0","-","-","-","-","-","-",false,true,false,false,false,"psilly-site@0.0.0-use.local,psilly-site@0.0.42"
"eslint-config-prettier","8.6.0","-","-","-","-","-","-",false,true,false,false,false,"psilly-site@0.0.0-use.local,psilly-site@0.0.42"
"eslint-plugin-compat","4.1.1","-","-","-","-","-","-",false,true,false,false,false,"eslint-config-preact@1.3.0"
"eslint-plugin-jest","25.7.0","-","-","-","-","-","-",false,true,false,false,false,"eslint-config-preact@1.3.0"
"eslint-plugin-prettier","4.2.1","-","-","-","-","-","-",false,true,false,false,false,"psilly-site@0.0.0-use.local,psilly-site@0.0.42"
"eslint-plugin-react-hooks","4.6.0","-","-","-","-","-","-",false,true,false,false,false,"eslint-config-preact@1.3.0"
"eslint-plugin-react","7.32.2","-","-","-","-","-","-",false,true,false,false,false,"eslint-config-preact@1.3.0"
"eslint-scope","5.1.1","-","-","-","-","-","-",false,true,false,false,false,"@nicolo-ribaudo/eslint-scope-5-internals@5.1.1-v1,@typescript-eslint/utils@5.53.0"
"eslint-scope","7.1.1","-","-","-","-","-","-",false,true,false,true,false,"eslint@8.34.0"
"eslint-utils","3.0.0","-","-","-","-","-","-",false,true,false,true,false,"@typescript-eslint/utils@5.53.0,eslint@8.34.0"
"eslint-visitor-keys","2.1.0","-","-","-","-","-","-",false,true,false,false,false,"@babel/eslint-parser@7.19.1,eslint-utils@3.0.0"
"eslint-visitor-keys","3.3.0","-","-","-","-","-","-",false,true,false,true,false,"@typescript-eslint/visitor-keys@5.53.0,eslint@8.34.0,espree@9.4.1"
"eslint","8.34.0","-","-","-","-","-","-",false,true,false,true,false,"psilly-site@0.0.0-use.local,psilly-site@0.0.42,@babel/eslint-parser@7.19.1,@typescript-eslint/eslint-plugin@5.53.0,@typescript-eslint/experimental-utils@5.51.0,@typescript-eslint/parser@5.53.0,@typescript-eslint/type-utils@5.53.0,@typescript-eslint/utils@5.53.0,eslint-config-preact@1.3.0,eslint-config-prettier@8.6.0,eslint-plugin-compat@4.1.1,eslint-plugin-jest@25.7.0,eslint-plugin-prettier@4.2.1,eslint-plugin-react-hooks@4.6.0,eslint-plugin-react@7.32.2,eslint-utils@3.0.0"
"espree","9.4.1","-","-","-","-","-","-",false,true,false,true,false,"@eslint/eslintrc@1.4.1,eslint@8.34.0"
"esprima","4.0.1","-","-","-","-","-","-",false,true,false,false,false,"js-yaml@3.14.1"
"esquery","1.4.0","-","-","-","-","-","-",false,true,false,true,false,"eslint@8.34.0"
"esrecurse","4.3.0","-","-","-","-","-","-",false,true,false,true,false,"eslint-scope@7.1.1"
"estraverse","4.3.0","-","-","-","-","-","-",false,true,false,false,false,"eslint-scope@5.1.1"
"estraverse","5.3.0","-","-","-","-","-","-",false,true,false,true,false,"eslint-plugin-react@7.32.2,eslint-scope@7.1.1,esquery@1.4.0,esrecurse@4.3.0"
"esutils","2.0.3","-","-","-","-","-","-",false,true,false,true,false,"doctrine@3.0.0,eslint@8.34.0"
"execa","5.1.1","-","-","-","-","-","-",false,true,false,false,false,"jest-changed-files@29.4.3"
"exit","0.1.2","-","-","-","-","-","-",false,true,false,false,false,"@jest/core@29.4.3,@jest/reporters@29.4.3,jest-cli@29.4.3"
"expect","29.4.2","-","-","-","-","-","-",false,true,false,false,false,"@types/jest@29.4.0"
"expect","29.4.3","-","-","-","-","-","-",false,true,false,false,false,"@jest/expect@29.4.3,jest-snapshot@29.4.3"
"fast-deep-equal","3.1.3","-","-","-","-","-","-",false,true,false,true,false,"ajv@6.12.6,eslint@8.34.0"
"fast-diff","1.2.0","-","-","-","-","-","-",false,true,false,false,false,"prettier-linter-helpers@1.0.0"
"fast-glob","3.2.12","-","-","-","-","-","-",false,true,false,false,false,"globby@11.1.0"
"fast-json-stable-stringify","2.1.0","-","-","-","-","-","-",false,true,false,true,false,"@jest/transform@29.4.3,ajv@6.12.6,bs-logger@0.2.6,ts-jest@29.0.5"
"fast-levenshtein","2.0.6","-","-","-","-","-","-",false,true,false,true,false,"optionator@0.9.1"
"fastq","1.15.0","-","-","-","-","-","-",false,true,false,false,false,"@nodelib/fs.walk@1.2.8"
"fb-watchman","2.0.2","-","-","-","-","-","-",false,true,false,true,false,"jest-haste-map@29.4.3"
"file-entry-cache","6.0.1","-","-","-","-","-","-",false,true,false,true,false,"eslint@8.34.0"
"filename-reserved-regex","2.0.0","-","-","-","-","-","-",false,true,false,false,false,"filenamify@4.3.0"
"filenamify","4.3.0","-","-","-","-","-","-",false,true,false,false,false,"gh-pages@5.0.0"
"fill-range","7.0.1","-","-","-","-","-","-",false,true,false,false,false,"braces@3.0.2"
"find-cache-dir","3.3.2","-","-","-","-","-","-",false,true,false,false,false,"gh-pages@5.0.0"
"find-up","4.1.0","-","-","-","-","-","-",false,true,false,false,false,"@istanbuljs/load-nyc-config@1.1.0,pkg-dir@4.2.0"
"find-up","5.0.0","-","-","-","-","-","-",false,true,false,true,false,"eslint-plugin-compat@4.1.1,eslint@8.34.0"
"flat-cache","3.0.4","-","-","-","-","-","-",false,true,false,true,false,"file-entry-cache@6.0.1"
"flatted","3.2.7","-","-","-","-","-","-",false,true,false,true,false,"flat-cache@3.0.4"
"for-each","0.3.3","-","-","-","-","-","-",false,true,false,false,false,"is-typed-array@1.1.10,typed-array-length@1.0.4,which-typed-array@1.1.9"
"fs-extra","8.1.0","-","-","-","-","-","-",false,true,false,false,false,"gh-pages@5.0.0"
"fs-minipass","2.1.0","-","-","-","-","-","-",false,false,false,false,false,"cacache@16.1.3,tar@6.1.13"
"fs.realpath","1.0.0","-","-","-","-","-","-",false,true,false,true,false,"glob@8.1.0"
"fsevents","2.3.2","-","-","-","-","-","-",false,true,false,true,false,"jest-haste-map@29.4.3,rollup@3.17.2,wmr@3.8.0"
"function-bind","1.1.1","-","-","-","-","-","-",false,true,false,false,false,"call-bind@1.0.2,es-abstract@1.21.1,get-intrinsic@1.2.0,has@1.0.3"
"function.prototype.name","1.1.5","-","-","-","-","-","-",false,true,false,false,false,"enzyme@3.11.0,es-abstract@1.21.1"
"functions-have-names","1.2.3","-","-","-","-","-","-",false,true,false,false,false,"function.prototype.name@1.1.5,regexp.prototype.flags@1.4.3"
"gauge","4.0.4","-","-","-","-","-","-",false,false,false,false,false,"npmlog@6.0.2"
"gensync","1.0.0-beta.2","-","-","-","-","-","-",false,true,false,false,false,"@babel/core@7.20.12"
"get-caller-file","2.0.5","-","-","-","-","-","-",false,true,false,false,false,"yargs@17.7.0"
"get-intrinsic","1.2.0","-","-","-","-","-","-",false,true,false,false,false,"array-includes@3.1.6,array.prototype.tosorted@1.1.1,call-bind@1.0.2,es-abstract@1.21.1,es-set-tostringtag@2.0.1,get-symbol-description@1.0.0,gopd@1.0.1,has-property-descriptors@1.0.0,internal-slot@1.0.5,is-array-buffer@3.0.1,safe-regex-test@1.0.0,side-channel@1.0.4,string.prototype.matchall@4.0.8"
"get-package-type","0.1.0","-","-","-","-","-","-",false,true,false,false,false,"@istanbuljs/load-nyc-config@1.1.0"
"get-stream","6.0.1","-","-","-","-","-","-",false,true,false,false,false,"execa@5.1.1"
"get-symbol-description","1.0.0","-","-","-","-","-","-",false,true,false,false,false,"es-abstract@1.21.1"
"gh-pages","5.0.0","-","-","-","-","-","-",false,true,false,false,false,"psilly-site@0.0.0-use.local,psilly-site@0.0.42"
"glob-parent","5.1.2","-","-","-","-","-","-",false,true,false,false,false,"fast-glob@3.2.12"
"glob-parent","6.0.2","-","-","-","-","-","-",false,true,false,true,false,"eslint@8.34.0"
"glob","7.2.3","-","-","-","-","-","-",false,true,false,true,false,"@jest/reporters@29.4.3,globby@6.1.0,jest-config@29.4.3,jest-runtime@29.4.3,node-gyp@9.3.1,rimraf@3.0.2,test-exclude@6.0.0"
"glob","8.1.0","-","-","-","-","-","-",false,false,false,false,false,"cacache@16.1.3"
"globals","11.12.0","-","-","-","-","-","-",false,true,false,false,false,"@babel/traverse@7.20.13"
"globals","13.20.0","-","-","-","-","-","-",false,true,false,true,false,"@eslint/eslintrc@1.4.1,eslint@8.34.0"
"globalthis","1.0.3","-","-","-","-","-","-",false,true,false,false,false,"es-abstract@1.21.1"
"globby","11.1.0","-","-","-","-","-","-",false,true,false,false,false,"@typescript-eslint/typescript-estree@5.53.0"
"globby","6.1.0","-","-","-","-","-","-",false,true,false,false,false,"gh-pages@5.0.0"
"gopd","1.0.1","-","-","-","-","-","-",false,true,false,false,false,"es-abstract@1.21.1,is-typed-array@1.1.10,which-typed-array@1.1.9"
"graceful-fs","4.2.10","-","-","-","-","-","-",false,true,false,true,false,"@jest/core@29.4.3,@jest/reporters@29.4.3,@jest/source-map@29.4.3,@jest/test-sequencer@29.4.3,@jest/transform@29.4.3,babel-jest@29.4.3,fs-extra@8.1.0,jest-cli@29.4.3,jest-config@29.4.3,jest-haste-map@29.4.3,jest-message-util@29.4.3,jest-resolve@29.4.3,jest-runner@29.4.3,jest-runtime@29.4.3,jest-serializer@27.5.1,jest-snapshot@29.4.3,jest-util@29.4.3,jsonfile@4.0.0,node-gyp@9.3.1"
"grapheme-splitter","1.0.4","-","-","-","-","-","-",false,true,false,true,false,"@typescript-eslint/eslint-plugin@5.53.0,eslint@8.34.0"
"has-bigints","1.0.2","-","-","-","-","-","-",false,true,false,false,false,"is-bigint@1.0.4,unbox-primitive@1.0.2"
"has-flag","3.0.0","-","-","-","-","-","-",false,true,false,false,false,"supports-color@5.5.0"
"has-flag","4.0.0","-","-","-","-","-","-",false,true,false,false,false,"supports-color@8.1.1"
"has-property-descriptors","1.0.0","-","-","-","-","-","-",false,true,false,false,false,"define-properties@1.2.0,es-abstract@1.21.1"
"has-proto","1.0.1","-","-","-","-","-","-",false,true,false,false,false,"es-abstract@1.21.1"
"has-symbols","1.0.3","-","-","-","-","-","-",false,true,false,false,false,"es-abstract@1.21.1,get-intrinsic@1.2.0,has-tostringtag@1.0.0,is-symbol@1.0.4,object.assign@4.1.4,string.prototype.matchall@4.0.8,unbox-primitive@1.0.2"
"has-tostringtag","1.0.0","-","-","-","-","-","-",false,true,false,false,false,"es-set-tostringtag@2.0.1,is-boolean-object@1.1.2,is-date-object@1.0.5,is-number-object@1.0.7,is-regex@1.1.4,is-string@1.0.7,is-typed-array@1.1.10,which-typed-array@1.1.9"
"has-unicode","2.0.1","-","-","-","-","-","-",false,false,false,false,false,"gauge@4.0.4"
"has","1.0.3","-","-","-","-","-","-",false,true,false,false,false,"enzyme-shallow-equal@1.0.5,enzyme@3.11.0,es-abstract@1.21.1,es-set-tostringtag@2.0.1,es-shim-unscopables@1.0.0,get-intrinsic@1.2.0,internal-slot@1.0.5,is-core-module@2.11.0"
"html-element-map","1.3.1","-","-","-","-","-","-",false,true,false,false,false,"enzyme@3.11.0"
"html-escaper","2.0.2","-","-","-","-","-","-",false,true,false,false,false,"istanbul-reports@3.1.5"
"htmlparser2","8.0.1","-","-","-","-","-","-",false,true,false,false,false,"cheerio@1.0.0-rc.12"
"http-cache-semantics","4.1.1","-","-","-","-","-","-",false,false,false,false,false,"make-fetch-happen@10.2.1"
"http-proxy-agent","5.0.0","-","-","-","-","-","-",false,false,false,false,false,"make-fetch-happen@10.2.1"
"https-proxy-agent","5.0.1","-","-","-","-","-","-",false,false,false,false,false,"make-fetch-happen@10.2.1"
"human-signals","2.1.0","-","-","-","-","-","-",false,true,false,false,false,"execa@5.1.1"
"humanize-ms","1.2.1","-","-","-","-","-","-",false,false,false,false,false,"agentkeepalive@4.2.1"
"iconv-lite","0.6.3","-","-","-","-","-","-",false,false,false,false,false,"encoding@0.1.13"
"ieee754","1.2.1","1.2.1","git://github.com/feross/ieee754.git","2020-10-27T23:06:07.424Z","feross (feross@feross.org)",6796,"BSD-3-Clause",true,false,false,false,false,"buffer@6.0.3"
"ignore","5.2.4","-","-","-","-","-","-",false,true,false,true,false,"@eslint/eslintrc@1.4.1,@typescript-eslint/eslint-plugin@5.53.0,eslint@8.34.0,globby@11.1.0"
"import-fresh","3.3.0","-","-","-","-","-","-",false,true,false,true,false,"@eslint/eslintrc@1.4.1,eslint@8.34.0"
"import-local","3.1.0","-","-","-","-","-","-",false,true,false,false,false,"jest-cli@29.4.3,jest@29.4.3"
"imurmurhash","0.1.4","-","-","-","-","-","-",false,true,false,true,false,"eslint@8.34.0,unique-slug@3.0.0,write-file-atomic@4.0.2"
"indent-string","4.0.0","-","-","-","-","-","-",false,false,false,false,false,"aggregate-error@3.1.0"
"infer-owner","1.0.4","-","-","-","-","-","-",false,false,false,false,false,"cacache@16.1.3"
"inflight","1.0.6","-","-","-","-","-","-",false,true,false,true,false,"glob@8.1.0"
"inherits","2.0.4","-","-","-","-","-","-",false,true,false,true,false,"glob@8.1.0,readable-stream@3.6.0"
"internal-slot","1.0.5","-","-","-","-","-","-",false,true,false,false,false,"es-abstract@1.21.1,string.prototype.matchall@4.0.8"
"ip","2.0.0","-","-","-","-","-","-",false,false,false,false,false,"socks@2.7.1"
"is-array-buffer","3.0.1","-","-","-","-","-","-",false,true,false,false,false,"es-abstract@1.21.1"
"is-arrayish","0.2.1","-","-","-","-","-","-",false,true,false,false,false,"error-ex@1.3.2"
"is-bigint","1.0.4","-","-","-","-","-","-",false,true,false,false,false,"which-boxed-primitive@1.0.2"
"is-boolean-object","1.1.2","-","-","-","-","-","-",false,true,false,false,false,"enzyme@3.11.0,which-boxed-primitive@1.0.2"
"is-callable","1.2.7","-","-","-","-","-","-",false,true,false,false,false,"enzyme@3.11.0,es-abstract@1.21.1,es-to-primitive@1.2.1,for-each@0.3.3"
"is-core-module","2.11.0","-","-","-","-","-","-",false,true,false,true,false,"resolve@2.0.0-next.4,patch:resolve@2.0.0-next.4"
"is-date-object","1.0.5","-","-","-","-","-","-",false,true,false,false,false,"es-to-primitive@1.2.1"
"is-extglob","2.1.1","-","-","-","-","-","-",false,true,false,false,false,"is-glob@4.0.3"
"is-fullwidth-code-point","3.0.0","-","-","-","-","-","-",false,true,false,false,false,"string-width@4.2.3"
"is-generator-fn","2.1.0","-","-","-","-","-","-",false,true,false,false,false,"jest-circus@29.4.3"
"is-glob","4.0.3","-","-","-","-","-","-",false,true,false,true,false,"@typescript-eslint/typescript-estree@5.53.0,eslint@8.34.0,glob-parent@6.0.2"
"is-lambda","1.0.1","-","-","-","-","-","-",false,false,false,false,false,"make-fetch-happen@10.2.1"
"is-negative-zero","2.0.2","-","-","-","-","-","-",false,true,false,false,false,"es-abstract@1.21.1"
"is-number-object","1.0.7","-","-","-","-","-","-",false,true,false,false,false,"enzyme@3.11.0,which-boxed-primitive@1.0.2"
"is-number","7.0.0","-","-","-","-","-","-",false,true,false,false,false,"to-regex-range@5.0.1"
"is-path-inside","3.0.3","-","-","-","-","-","-",false,true,false,true,false,"eslint@8.34.0"
"is-regex","1.1.4","-","-","-","-","-","-",false,true,false,false,false,"enzyme@3.11.0,es-abstract@1.21.1,safe-regex-test@1.0.0"
"is-shared-array-buffer","1.0.2","-","-","-","-","-","-",false,true,false,false,false,"es-abstract@1.21.1"
"is-stream","2.0.1","-","-","-","-","-","-",false,true,false,false,false,"execa@5.1.1"
"is-string","1.0.7","-","-","-","-","-","-",false,true,false,false,false,"array-includes@3.1.6,array.prototype.filter@1.0.2,enzyme@3.11.0,es-abstract@1.21.1,which-boxed-primitive@1.0.2"
"is-subset","0.1.1","-","-","-","-","-","-",false,true,false,false,false,"enzyme@3.11.0"
"is-symbol","1.0.4","-","-","-","-","-","-",false,true,false,false,false,"es-to-primitive@1.2.1,which-boxed-primitive@1.0.2"
"is-typed-array","1.1.10","-","-","-","-","-","-",false,true,false,false,false,"es-abstract@1.21.1,is-array-buffer@3.0.1,typed-array-length@1.0.4,which-typed-array@1.1.9"
"is-weakref","1.0.2","-","-","-","-","-","-",false,true,false,false,false,"es-abstract@1.21.1"
"isexe","2.0.0","-","-","-","-","-","-",false,true,false,true,false,"which@2.0.2"
"istanbul-lib-coverage","3.2.0","-","-","-","-","-","-",false,true,false,false,false,"@jest/reporters@29.4.3,istanbul-lib-instrument@5.2.1,istanbul-lib-report@3.0.0,istanbul-lib-source-maps@4.0.1"
"istanbul-lib-instrument","5.2.1","-","-","-","-","-","-",false,true,false,false,false,"@jest/reporters@29.4.3,babel-plugin-istanbul@6.1.1"
"istanbul-lib-report","3.0.0","-","-","-","-","-","-",false,true,false,false,false,"@jest/reporters@29.4.3,istanbul-reports@3.1.5"
"istanbul-lib-source-maps","4.0.1","-","-","-","-","-","-",false,true,false,false,false,"@jest/reporters@29.4.3"
"istanbul-reports","3.1.5","-","-","-","-","-","-",false,true,false,false,false,"@jest/reporters@29.4.3"
"jest-changed-files","29.4.3","-","-","-","-","-","-",false,true,false,false,false,"@jest/core@29.4.3"
"jest-circus","29.4.3","-","-","-","-","-","-",false,true,false,false,false,"jest-config@29.4.3"
"jest-cli","29.4.3","-","-","-","-","-","-",false,true,false,false,false,"jest@29.4.3"
"jest-config","29.4.3","-","-","-","-","-","-",false,true,false,false,false,"@jest/core@29.4.3,jest-cli@29.4.3"
"jest-diff","29.4.2","-","-","-","-","-","-",false,true,false,false,false,"jest-matcher-utils@29.4.2"
"jest-diff","29.4.3","-","-","-","-","-","-",false,true,false,false,false,"jest-matcher-utils@29.4.3,jest-snapshot@29.4.3"
"jest-docblock","29.4.3","-","-","-","-","-","-",false,true,false,false,false,"jest-runner@29.4.3"
"jest-each","29.4.3","-","-","-","-","-","-",false,true,false,false,false,"jest-circus@29.4.3"
"jest-environment-node","29.4.3","-","-","-","-","-","-",false,true,false,false,false,"jest-config@29.4.3,jest-runner@29.4.3"
"jest-get-type","27.5.1","-","-","-","-","-","-",false,true,false,true,false,"jest-validate@27.5.1"
"jest-get-type","29.4.2","-","-","-","-","-","-",false,true,false,false,false,"@jest/expect-utils@29.4.2,expect@29.4.2,jest-diff@29.4.2,jest-matcher-utils@29.4.2"
"jest-get-type","29.4.3","-","-","-","-","-","-",false,true,false,false,false,"@jest/expect-utils@29.4.3,expect@29.4.3,jest-config@29.4.3,jest-diff@29.4.3,jest-each@29.4.3,jest-leak-detector@29.4.3,jest-matcher-utils@29.4.3,jest-snapshot@29.4.3,jest-validate@29.4.3"
"jest-haste-map","27.5.1","-","-","-","-","-","-",false,true,false,true,false,"jest-resolve@27.5.1"
"jest-haste-map","29.4.3","-","-","-","-","-","-",false,true,false,false,false,"@jest/core@29.4.3,@jest/test-sequencer@29.4.3,@jest/transform@29.4.3,jest-resolve@29.4.3,jest-runner@29.4.3,jest-runtime@29.4.3,jest-snapshot@29.4.3"
"jest-leak-detector","29.4.3","-","-","-","-","-","-",false,true,false,false,false,"jest-runner@29.4.3"
"jest-matcher-utils","29.4.2","-","-","-","-","-","-",false,true,false,false,false,"expect@29.4.2"
"jest-matcher-utils","29.4.3","-","-","-","-","-","-",false,true,false,false,false,"expect@29.4.3,jest-circus@29.4.3,jest-snapshot@29.4.3"
"jest-message-util","29.4.2","-","-","-","-","-","-",false,true,false,false,false,"expect@29.4.2"
"jest-message-util","29.4.3","-","-","-","-","-","-",false,true,false,false,false,"@jest/console@29.4.3,@jest/core@29.4.3,@jest/fake-timers@29.4.3,@jest/reporters@29.4.3,expect@29.4.3,jest-circus@29.4.3,jest-runner@29.4.3,jest-runtime@29.4.3,jest-snapshot@29.4.3"
"jest-mock","29.4.3","-","-","-","-","-","-",false,true,false,false,false,"@jest/environment@29.4.3,@jest/fake-timers@29.4.3,@jest/globals@29.4.3,jest-environment-node@29.4.3,jest-runtime@29.4.3"
"jest-pnp-resolver","1.2.3","-","-","-","-","-","-",false,true,false,true,false,"jest-resolve@29.4.3"
"jest-regex-util","27.5.1","-","-","-","-","-","-",false,true,false,true,false,"jest-haste-map@27.5.1"
"jest-regex-util","29.4.3","-","-","-","-","-","-",false,true,false,false,false,"@jest/core@29.4.3,@jest/transform@29.4.3,jest-config@29.4.3,jest-haste-map@29.4.3,jest-resolve-dependencies@29.4.3,jest-runtime@29.4.3"
"jest-resolve-dependencies","29.4.3","-","-","-","-","-","-",false,true,false,false,false,"@jest/core@29.4.3"
"jest-resolve","27.5.1","-","-","-","-","-","-",false,true,false,true,false,"ts-jest-resolver@2.0.0,jest-pnp-resolver@1.2.3"
"jest-resolve","29.4.3","-","-","-","-","-","-",false,true,false,false,false,"@jest/core@29.4.3,jest-config@29.4.3,jest-runner@29.4.3,jest-runtime@29.4.3"
"jest-runner","29.4.3","-","-","-","-","-","-",false,true,false,false,false,"@jest/core@29.4.3,jest-config@29.4.3"
"jest-runtime","29.4.3","-","-","-","-","-","-",false,true,false,false,false,"@jest/core@29.4.3,jest-circus@29.4.3,jest-runner@29.4.3"
"jest-serializer","27.5.1","-","-","-","-","-","-",false,true,false,true,false,"jest-haste-map@27.5.1"
"jest-snapshot","29.4.3","-","-","-","-","-","-",false,true,false,false,false,"@jest/core@29.4.3,@jest/expect@29.4.3,jest-circus@29.4.3,jest-resolve-dependencies@29.4.3,jest-runtime@29.4.3"
"jest-util","27.5.1","-","-","-","-","-","-",false,true,false,true,false,"jest-haste-map@27.5.1,jest-resolve@27.5.1"
"jest-util","29.4.2","-","-","-","-","-","-",false,true,false,false,false,"expect@29.4.2,ts-jest@29.0.5"
"jest-util","29.4.3","-","-","-","-","-","-",false,true,false,false,false,"@jest/console@29.4.3,@jest/core@29.4.3,@jest/fake-timers@29.4.3,@jest/reporters@29.4.3,@jest/transform@29.4.3,expect@29.4.3,jest-circus@29.4.3,jest-cli@29.4.3,jest-config@29.4.3,jest-each@29.4.3,jest-environment-node@29.4.3,jest-haste-map@29.4.3,jest-mock@29.4.3,jest-resolve@29.4.3,jest-runner@29.4.3,jest-runtime@29.4.3,jest-snapshot@29.4.3,jest-watcher@29.4.3,jest-worker@29.4.3"
"jest-validate","27.5.1","-","-","-","-","-","-",false,true,false,true,false,"jest-resolve@27.5.1"
"jest-validate","29.4.3","-","-","-","-","-","-",false,true,false,false,false,"@jest/core@29.4.3,jest-cli@29.4.3,jest-config@29.4.3,jest-resolve@29.4.3"
"jest-watcher","29.4.3","-","-","-","-","-","-",false,true,false,false,false,"@jest/core@29.4.3,jest-runner@29.4.3"
"jest-worker","27.5.1","-","-","-","-","-","-",false,true,false,true,false,"jest-haste-map@27.5.1"
"jest-worker","29.4.3","-","-","-","-","-","-",false,true,false,false,false,"@jest/reporters@29.4.3,jest-haste-map@29.4.3,jest-runner@29.4.3"
"jest","29.4.3","-","-","-","-","-","-",false,true,false,true,false,"psilly-site@0.0.0-use.local,psilly-site@0.0.42,ts-jest@29.0.5"
"js-sdsl","4.3.0","-","-","-","-","-","-",false,true,false,true,false,"eslint@8.34.0"
"js-tokens","4.0.0","-","-","-","-","-","-",false,true,false,false,false,"@babel/highlight@7.18.6,loose-envify@1.4.0"
"js-yaml","3.14.1","-","-","-","-","-","-",false,true,false,false,false,"@istanbuljs/load-nyc-config@1.1.0"
"js-yaml","4.1.0","-","-","-","-","-","-",false,true,false,true,false,"@eslint/eslintrc@1.4.1,eslint@8.34.0"
"jsesc","2.5.2","-","-","-","-","-","-",false,true,false,false,false,"@babel/generator@7.20.14"
"json-parse-even-better-errors","2.3.1","-","-","-","-","-","-",false,true,false,false,false,"parse-json@5.2.0"
"json-schema-traverse","0.4.1","-","-","-","-","-","-",false,true,false,true,false,"ajv@6.12.6"
"json-stable-stringify-without-jsonify","1.0.1","-","-","-","-","-","-",false,true,false,true,false,"eslint@8.34.0"
"json5","2.2.3","-","-","-","-","-","-",false,true,false,false,false,"@babel/core@7.20.12,ts-jest@29.0.5"
"jsonfile","4.0.0","-","-","-","-","-","-",false,true,false,false,false,"fs-extra@8.1.0"
"jsx-ast-utils","3.3.3","-","-","-","-","-","-",false,true,false,false,false,"eslint-plugin-react@7.32.2"
"kleur","3.0.3","-","-","-","-","-","-",false,true,false,false,false,"prompts@2.4.2"
"leven","3.1.0","-","-","-","-","-","-",false,true,false,true,false,"jest-validate@29.4.3"
"levn","0.4.1","-","-","-","-","-","-",false,true,false,true,false,"eslint@8.34.0,optionator@0.9.1"
"lines-and-columns","1.2.4","-","-","-","-","-","-",false,true,false,false,false,"parse-json@5.2.0"
"locate-path","5.0.0","-","-","-","-","-","-",false,true,false,false,false,"find-up@4.1.0"
"locate-path","6.0.0","-","-","-","-","-","-",false,true,false,true,false,"find-up@5.0.0"
"lodash.escape","4.0.1","-","-","-","-","-","-",false,true,false,false,false,"enzyme@3.11.0"
"lodash.flattendeep","4.4.0","-","-","-","-","-","-",false,true,false,false,false,"rst-selector-parser@2.2.3"
"lodash.isequal","4.5.0","-","-","-","-","-","-",false,true,false,false,false,"enzyme@3.11.0"
"lodash.memoize","4.1.2","-","-","-","-","-","-",false,true,false,false,false,"eslint-plugin-compat@4.1.1,ts-jest@29.0.5"
"lodash.merge","4.6.2","-","-","-","-","-","-",false,true,false,true,false,"eslint@8.34.0"
"loose-envify","1.4.0","-","-","-","-","-","-",false,true,false,true,false,"prop-types@15.8.1,react@18.2.0"
"lru-cache","5.1.1","-","-","-","-","-","-",false,true,false,false,false,"@babel/helper-compilation-targets@7.20.7"
"lru-cache","6.0.0","-","-","-","-","-","-",false,true,false,false,false,"semver@7.3.8"
"lru-cache","7.14.1","-","-","-","-","-","-",false,false,false,false,false,"cacache@16.1.3,make-fetch-happen@10.2.1"
"make-dir","3.1.0","-","-","-","-","-","-",false,true,false,false,false,"find-cache-dir@3.3.2,istanbul-lib-report@3.0.0"
"make-error","1.3.6","-","-","-","-","-","-",false,true,false,false,false,"ts-jest@29.0.5"
"make-fetch-happen","10.2.1","-","-","-","-","-","-",false,false,false,false,false,"node-gyp@9.3.1"
"makeerror","1.0.12","-","-","-","-","-","-",false,true,false,false,false,"walker@1.0.8"
"merge-stream","2.0.0","-","-","-","-","-","-",false,true,false,true,false,"execa@5.1.1,jest-worker@29.4.3"
"merge2","1.4.1","-","-","-","-","-","-",false,true,false,false,false,"fast-glob@3.2.12,globby@11.1.0"
"micromatch","4.0.5","-","-","-","-","-","-",false,true,false,true,false,"@jest/core@29.4.3,@jest/transform@29.4.3,fast-glob@3.2.12,jest-config@29.4.3,jest-haste-map@29.4.3,jest-message-util@29.4.3"
"mimic-fn","2.1.0","-","-","-","-","-","-",false,true,false,false,false,"onetime@5.1.2"
"minimatch","3.1.2","-","-","-","-","-","-",false,true,false,true,false,"@eslint/eslintrc@1.4.1,@humanwhocodes/config-array@0.11.8,eslint-plugin-react@7.32.2,eslint@8.34.0,glob@7.2.3,test-exclude@6.0.0"
"minimatch","5.1.6","-","-","-","-","-","-",false,false,false,false,false,"glob@8.1.0"
"minipass-collect","1.0.2","-","-","-","-","-","-",false,false,false,false,false,"cacache@16.1.3,make-fetch-happen@10.2.1"
"minipass-fetch","2.1.2","-","-","-","-","-","-",false,false,false,false,false,"make-fetch-happen@10.2.1"
"minipass-flush","1.0.5","-","-","-","-","-","-",false,false,false,false,false,"cacache@16.1.3,make-fetch-happen@10.2.1"
"minipass-pipeline","1.2.4","-","-","-","-","-","-",false,false,false,false,false,"cacache@16.1.3,make-fetch-happen@10.2.1"
"minipass-sized","1.0.3","-","-","-","-","-","-",false,false,false,false,false,"minipass-fetch@2.1.2"
"minipass","3.3.6","-","-","-","-","-","-",false,false,false,false,false,"cacache@16.1.3,fs-minipass@2.1.0,make-fetch-happen@10.2.1,minipass-collect@1.0.2,minipass-fetch@2.1.2,minipass-flush@1.0.5,minipass-pipeline@1.2.4,minipass-sized@1.0.3,minizlib@2.1.2,ssri@9.0.1"
"minipass","4.0.3","-","-","-","-","-","-",false,false,false,false,false,"tar@6.1.13"
"minizlib","2.1.2","-","-","-","-","-","-",false,false,false,false,false,"minipass-fetch@2.1.2,tar@6.1.13"
"mkdirp","1.0.4","-","-","-","-","-","-",false,false,false,false,false,"@npmcli/move-file@2.0.1,cacache@16.1.3,tar@6.1.13"
"moo","0.5.2","-","-","-","-","-","-",false,true,false,false,false,"nearley@2.20.1"
"ms","2.1.2","-","-","-","-","-","-",false,true,false,false,false,"debug@4.3.4,humanize-ms@1.2.1"
"natural-compare-lite","1.4.0","-","-","-","-","-","-",false,true,false,false,false,"@typescript-eslint/eslint-plugin@5.53.0"
"natural-compare","1.4.0","-","-","-","-","-","-",false,true,false,true,false,"eslint@8.34.0,jest-snapshot@29.4.3"
"nearley","2.20.1","-","-","-","-","-","-",false,true,false,false,false,"rst-selector-parser@2.2.3"
"negotiator","0.6.3","-","-","-","-","-","-",false,false,false,false,false,"make-fetch-happen@10.2.1"
"node-int64","0.4.0","-","-","-","-","-","-",false,true,false,false,false,"bser@2.1.1"
"node-releases","2.0.10","-","-","-","-","-","-",false,true,false,false,false,"browserslist@4.21.5"
"nopt","6.0.0","-","-","-","-","-","-",false,false,false,false,false,"node-gyp@9.3.1"
"normalize-path","3.0.0","-","-","-","-","-","-",false,true,false,false,false,"anymatch@3.1.3"
"npm-run-path","4.0.1","-","-","-","-","-","-",false,true,false,false,false,"execa@5.1.1"
"npmlog","6.0.2","-","-","-","-","-","-",false,false,false,false,false,"node-gyp@9.3.1"
"nth-check","2.1.1","-","-","-","-","-","-",false,true,false,false,false,"css-select@5.1.0"
"object-assign","4.1.1","-","-","-","-","-","-",false,true,false,false,false,"globby@6.1.0,prop-types@15.8.1,react-helmet@6.1.0"
"object-inspect","1.12.3","-","-","-","-","-","-",false,true,false,false,false,"enzyme@3.11.0,es-abstract@1.21.1,side-channel@1.0.4"
"object-is","1.1.5","-","-","-","-","-","-",false,true,false,false,false,"enzyme-shallow-equal@1.0.5,enzyme@3.11.0"
"object-keys","1.1.1","-","-","-","-","-","-",false,true,false,false,false,"define-properties@1.2.0,es-abstract@1.21.1,object.assign@4.1.4"
"object.assign","4.1.4","-","-","-","-","-","-",false,true,false,false,false,"enzyme@3.11.0,es-abstract@1.21.1,jsx-ast-utils@3.3.3"
"object.entries","1.1.6","-","-","-","-","-","-",false,true,false,false,false,"enzyme@3.11.0,eslint-plugin-react@7.32.2"
"object.fromentries","2.0.6","-","-","-","-","-","-",false,true,false,false,false,"eslint-plugin-react@7.32.2"
"object.hasown","1.1.2","-","-","-","-","-","-",false,true,false,false,false,"eslint-plugin-react@7.32.2"
"object.values","1.1.6","-","-","-","-","-","-",false,true,false,false,false,"enzyme@3.11.0,eslint-plugin-react@7.32.2"
"once","1.4.0","-","-","-","-","-","-",false,true,false,true,false,"glob@8.1.0,inflight@1.0.6"
"onetime","5.1.2","-","-","-","-","-","-",false,true,false,false,false,"execa@5.1.1"
"optionator","0.9.1","-","-","-","-","-","-",false,true,false,true,false,"eslint@8.34.0"
"p-limit","2.3.0","-","-","-","-","-","-",false,true,false,false,false,"p-locate@4.1.0"
"p-limit","3.1.0","-","-","-","-","-","-",false,true,false,true,false,"jest-changed-files@29.4.3,jest-circus@29.4.3,jest-runner@29.4.3,p-locate@5.0.0"
"p-locate","4.1.0","-","-","-","-","-","-",false,true,false,false,false,"locate-path@5.0.0"
"p-locate","5.0.0","-","-","-","-","-","-",false,true,false,true,false,"locate-path@6.0.0"
"p-map","4.0.0","-","-","-","-","-","-",false,false,false,false,false,"cacache@16.1.3"
"p-try","2.2.0","-","-","-","-","-","-",false,true,false,false,false,"p-limit@2.3.0"
"parent-module","1.0.1","-","-","-","-","-","-",false,true,false,true,false,"import-fresh@3.3.0"
"parse-json","5.2.0","-","-","-","-","-","-",false,true,false,false,false,"jest-config@29.4.3"
"parse5-htmlparser2-tree-adapter","7.0.0","-","-","-","-","-","-",false,true,false,false,false,"cheerio@1.0.0-rc.12"
"parse5","7.1.2","-","-","-","-","-","-",false,true,false,false,false,"cheerio@1.0.0-rc.12,parse5-htmlparser2-tree-adapter@7.0.0,psilly-site@0.0.0-use.local,psilly-site@0.0.42"
"path-exists","4.0.0","-","-","-","-","-","-",false,true,false,true,false,"find-up@5.0.0"
"path-is-absolute","1.0.1","-","-","-","-","-","-",false,true,false,true,false,"glob@7.2.3"
"path-key","3.1.1","-","-","-","-","-","-",false,true,false,true,false,"cross-spawn@7.0.3,npm-run-path@4.0.1"
"path-parse","1.0.7","-","-","-","-","-","-",false,true,false,true,false,"resolve@2.0.0-next.4,patch:resolve@2.0.0-next.4"
"path-type","4.0.0","-","-","-","-","-","-",false,true,false,false,false,"dir-glob@3.0.1"
"performance-now","2.1.0","-","-","-","-","-","-",false,true,false,false,false,"raf@3.4.1"
"picocolors","1.0.0","-","-","-","-","-","-",false,true,false,false,false,"update-browserslist-db@1.0.10"
"picomatch","2.3.1","-","-","-","-","-","-",false,true,false,true,false,"anymatch@3.1.3,jest-util@29.4.3,micromatch@4.0.5"
"pify","2.3.0","-","-","-","-","-","-",false,true,false,false,false,"globby@6.1.0"
"pinkie-promise","2.0.1","-","-","-","-","-","-",false,true,false,false,false,"globby@6.1.0"
"pinkie","2.0.4","-","-","-","-","-","-",false,true,false,false,false,"pinkie-promise@2.0.1"
"pirates","4.0.5","-","-","-","-","-","-",false,true,false,false,false,"@jest/transform@29.4.3"
"pkg-dir","4.2.0","-","-","-","-","-","-",false,true,false,false,false,"find-cache-dir@3.3.2,import-local@3.1.0"
"preact-iso","2.3.1","2.3.1","git+https://github.com/preactjs/wmr.git","2022-09-28T03:10:48.340Z","rschristian (rchristian@ryanchristian.dev)",45673,"MIT",true,false,false,false,false,"psilly-site@0.0.0-use.local"
"preact","10.12.1","10.13.1","git+https://github.com/preactjs/preact.git","2023-02-09T18:32:40.605Z","marvinhagemeister (hello@marvinh.dev)",1185208,"MIT",true,false,false,true,false,"psilly-site@0.0.0-use.local,preact-iso@2.3.1"
"prelude-ls","1.2.1","-","-","-","-","-","-",false,true,false,true,false,"levn@0.4.1,optionator@0.9.1,type-check@0.4.0"
"prettier-linter-helpers","1.0.0","-","-","-","-","-","-",false,true,false,false,false,"eslint-plugin-prettier@4.2.1"
"prettier","2.8.4","-","-","-","-","-","-",false,true,false,true,false,"psilly-site@0.0.0-use.local,psilly-site@0.0.42,eslint-plugin-prettier@4.2.1"
"pretty-format","27.5.1","-","-","-","-","-","-",false,true,false,true,false,"jest-validate@27.5.1"
"pretty-format","29.4.2","-","-","-","-","-","-",false,true,false,false,false,"@types/jest@29.4.0,jest-diff@29.4.2,jest-matcher-utils@29.4.2,jest-message-util@29.4.2"
"pretty-format","29.4.3","-","-","-","-","-","-",false,true,false,false,false,"@jest/core@29.4.3,jest-circus@29.4.3,jest-config@29.4.3,jest-diff@29.4.3,jest-each@29.4.3,jest-leak-detector@29.4.3,jest-matcher-utils@29.4.3,jest-message-util@29.4.3,jest-snapshot@29.4.3,jest-validate@29.4.3"
"promise-inflight","1.0.1","-","-","-","-","-","-",false,false,false,false,false,"cacache@16.1.3"
"promise-retry","2.0.1","-","-","-","-","-","-",false,false,false,false,false,"make-fetch-happen@10.2.1"
"prompts","2.4.2","-","-","-","-","-","-",false,true,false,false,false,"jest-cli@29.4.3"
"prop-types","15.8.1","-","-","-","-","-","-",false,true,false,false,false,"eslint-plugin-react@7.32.2,react-helmet@6.1.0"
"punycode","2.3.0","-","-","-","-","-","-",false,true,false,true,false,"uri-js@4.4.1"
"queue-microtask","1.2.3","-","-","-","-","-","-",false,true,false,false,false,"run-parallel@1.2.0"
"raf","3.4.1","-","-","-","-","-","-",false,true,false,false,false,"enzyme@3.11.0"
"railroad-diagrams","1.0.0","-","-","-","-","-","-",false,true,false,false,false,"nearley@2.20.1"
"randexp","0.4.6","-","-","-","-","-","-",false,true,false,false,false,"nearley@2.20.1"
"react-fast-compare","3.2.0","-","-","-","-","-","-",false,true,false,false,false,"react-helmet@6.1.0"
"react-helmet","6.1.0","-","-","-","-","-","-",false,true,false,false,false,"psilly-site@0.0.0-use.local,psilly-site@0.0.42"
"react-is","16.13.1","-","-","-","-","-","-",false,true,false,false,false,"prop-types@15.8.1"
"react-is","17.0.2","-","-","-","-","-","-",false,true,false,true,false,"pretty-format@27.5.1"
"react-is","18.2.0","-","-","-","-","-","-",false,true,false,false,false,"pretty-format@29.4.3"
"react-side-effect","2.1.2","-","-","-","-","-","-",false,true,false,false,false,"react-helmet@6.1.0"
"react","18.2.0","-","-","-","-","-","-",false,true,false,true,false,"psilly-site@0.0.0-use.local,psilly-site@0.0.42,react-helmet@6.1.0,react-side-effect@2.1.2"
"readable-stream","3.6.0","-","-","-","-","-","-",false,false,false,false,false,"are-we-there-yet@3.0.1"
"regexp.prototype.flags","1.4.3","-","-","-","-","-","-",false,true,false,false,false,"es-abstract@1.21.1,string.prototype.matchall@4.0.8"
"regexpp","3.2.0","-","-","-","-","-","-",false,true,false,true,false,"@typescript-eslint/eslint-plugin@5.53.0,eslint@8.34.0"
"require-directory","2.1.1","-","-","-","-","-","-",false,true,false,false,false,"yargs@17.7.0"
"resolve-cwd","3.0.0","-","-","-","-","-","-",false,true,false,false,false,"import-local@3.1.0"
"resolve-from","4.0.0","-","-","-","-","-","-",false,true,false,true,false,"import-fresh@3.3.0"
"resolve-from","5.0.0","-","-","-","-","-","-",false,true,false,false,false,"@istanbuljs/load-nyc-config@1.1.0,resolve-cwd@3.0.0"
"resolve.exports","1.1.1","-","-","-","-","-","-",false,true,false,true,false,"jest-resolve@27.5.1"
"resolve.exports","2.0.0","-","-","-","-","-","-",false,true,false,false,false,"jest-resolve@29.4.3"
"resolve","1.22.1","-","-","-","-","-","-",false,true,false,true,false,"jest-resolve@29.4.3"
"resolve","2.0.0-next.4","-","-","-","-","-","-",false,true,false,false,false,"eslint-plugin-react@7.32.2"
"ret","0.1.15","-","-","-","-","-","-",false,true,false,false,false,"randexp@0.4.6"
"retry","0.12.0","-","-","-","-","-","-",false,false,false,false,false,"promise-retry@2.0.1"
"reusify","1.0.4","-","-","-","-","-","-",false,true,false,false,false,"fastq@1.15.0"
"rimraf","3.0.2","-","-","-","-","-","-",false,true,false,true,false,"@npmcli/move-file@2.0.1,cacache@16.1.3,flat-cache@3.0.4,node-gyp@9.3.1"
"rollup","3.17.2","-","-","-","-","-","-",false,true,false,false,false,"psilly-site@0.0.0-use.local,psilly-site@0.0.42"
"rst-selector-parser","2.2.3","-","-","-","-","-","-",false,true,false,false,false,"enzyme@3.11.0"
"run-parallel","1.2.0","-","-","-","-","-","-",false,true,false,false,false,"@nodelib/fs.scandir@2.1.5"
"safe-buffer","5.2.1","-","-","-","-","-","-",false,false,false,false,false,"string_decoder@1.3.0"
"safe-regex-test","1.0.0","-","-","-","-","-","-",false,true,false,false,false,"es-abstract@1.21.1"
"safer-buffer","2.1.2","-","-","-","-","-","-",false,false,false,false,false,"iconv-lite@0.6.3"
"semver","7.3.8","-","-","-","-","-","-",false,true,false,false,false,"@npmcli/fs@2.1.2,@typescript-eslint/eslint-plugin@5.53.0,@typescript-eslint/typescript-estree@5.53.0,@typescript-eslint/utils@5.53.0,eslint-plugin-compat@4.1.1,jest-snapshot@29.4.3,node-gyp@9.3.1,ts-jest@29.0.5"
"semver","6.3.0","-","-","-","-","-","-",false,true,false,false,false,"@babel/core@7.20.12,@babel/eslint-parser@7.19.1,@babel/helper-compilation-targets@7.20.7,eslint-plugin-react@7.32.2,istanbul-lib-instrument@5.2.1,make-dir@3.1.0"
"set-blocking","2.0.0","-","-","-","-","-","-",false,false,false,false,false,"npmlog@6.0.2"
"shebang-command","2.0.0","-","-","-","-","-","-",false,true,false,true,false,"cross-spawn@7.0.3"
"shebang-regex","3.0.0","-","-","-","-","-","-",false,true,false,true,false,"shebang-command@2.0.0"
"side-channel","1.0.4","-","-","-","-","-","-",false,true,false,false,false,"internal-slot@1.0.5,string.prototype.matchall@4.0.8"
"signal-exit","3.0.7","-","-","-","-","-","-",false,true,false,false,false,"execa@5.1.1,gauge@4.0.4,write-file-atomic@4.0.2"
"sisteransi","1.0.5","-","-","-","-","-","-",false,true,false,false,false,"prompts@2.4.2"
"slash","3.0.0","-","-","-","-","-","-",false,true,false,true,false,"@jest/console@29.4.3,@jest/core@29.4.3,@jest/reporters@29.4.3,@jest/test-sequencer@29.4.3,@jest/transform@29.4.3,babel-jest@29.4.3,globby@11.1.0,jest-circus@29.4.3,jest-config@29.4.3,jest-message-util@29.4.3,jest-resolve@29.4.3,jest-runtime@29.4.3"
"smart-buffer","4.2.0","-","-","-","-","-","-",false,false,false,false,false,"socks@2.7.1"
"socks-proxy-agent","7.0.0","-","-","-","-","-","-",false,false,false,false,false,"make-fetch-happen@10.2.1"
"socks","2.7.1","-","-","-","-","-","-",false,false,false,false,false,"socks-proxy-agent@7.0.0"
"source-map-support","0.5.13","-","-","-","-","-","-",false,true,false,false,false,"jest-runner@29.4.3"
"source-map","0.6.1","-","-","-","-","-","-",false,true,false,false,false,"istanbul-lib-source-maps@4.0.1,source-map-support@0.5.13"
"sprintf-js","1.0.3","-","-","-","-","-","-",false,true,false,false,false,"argparse@1.0.10"
"ssri","9.0.1","-","-","-","-","-","-",false,false,false,false,false,"cacache@16.1.3,make-fetch-happen@10.2.1"
"stack-utils","2.0.6","-","-","-","-","-","-",false,true,false,false,false,"jest-circus@29.4.3,jest-message-util@29.4.3"
"string-length","4.0.2","-","-","-","-","-","-",false,true,false,false,false,"@jest/reporters@29.4.3,jest-watcher@29.4.3"
"string-width","4.2.3","-","-","-","-","-","-",false,true,false,false,false,"cliui@8.0.1,gauge@4.0.4,wide-align@1.1.5,wrap-ansi@7.0.0,yargs@17.7.0"
"string.prototype.matchall","4.0.8","-","-","-","-","-","-",false,true,false,false,false,"eslint-plugin-react@7.32.2"
"string.prototype.trim","1.2.7","-","-","-","-","-","-",false,true,false,false,false,"enzyme@3.11.0"
"string.prototype.trimend","1.0.6","-","-","-","-","-","-",false,true,false,false,false,"es-abstract@1.21.1"
"string.prototype.trimstart","1.0.6","-","-","-","-","-","-",false,true,false,false,false,"es-abstract@1.21.1"
"string_decoder","1.3.0","-","-","-","-","-","-",false,false,false,false,false,"readable-stream@3.6.0"
"strip-ansi","6.0.1","-","-","-","-","-","-",false,true,false,true,false,"@jest/core@29.4.3,@jest/reporters@29.4.3,cliui@8.0.1,eslint@8.34.0,gauge@4.0.4,string-length@4.0.2,string-width@4.2.3,wrap-ansi@7.0.0"
"strip-bom","4.0.0","-","-","-","-","-","-",false,true,false,false,false,"jest-runtime@29.4.3"
"strip-final-newline","2.0.0","-","-","-","-","-","-",false,true,false,false,false,"execa@5.1.1"
"strip-json-comments","3.1.1","-","-","-","-","-","-",false,true,false,true,false,"@eslint/eslintrc@1.4.1,eslint@8.34.0,jest-config@29.4.3"
"strip-outer","1.0.1","-","-","-","-","-","-",false,true,false,false,false,"filenamify@4.3.0"
"supports-color","5.5.0","-","-","-","-","-","-",false,true,false,false,false,"chalk@2.4.2"
"supports-color","7.2.0","-","-","-","-","-","-",false,true,false,false,false,"chalk@4.1.2,istanbul-lib-report@3.0.0"
"supports-color","8.1.1","-","-","-","-","-","-",false,true,false,true,false,"jest-worker@29.4.3"
"supports-preserve-symlinks-flag","1.0.0","-","-","-","-","-","-",false,true,false,true,false,"resolve@2.0.0-next.4,patch:resolve@2.0.0-next.4"
"tar","6.1.13","-","-","-","-","-","-",false,false,false,false,false,"cacache@16.1.3,node-gyp@9.3.1"
"test-exclude","6.0.0","-","-","-","-","-","-",false,true,false,false,false,"babel-plugin-istanbul@6.1.1"
"text-table","0.2.0","-","-","-","-","-","-",false,true,false,true,false,"eslint@8.34.0"
"tmpl","1.0.5","-","-","-","-","-","-",false,true,false,false,false,"makeerror@1.0.12"
"to-fast-properties","2.0.0","-","-","-","-","-","-",false,true,false,false,false,"@babel/types@7.20.7"
"to-regex-range","5.0.1","-","-","-","-","-","-",false,true,false,false,false,"fill-range@7.0.1"
"trim-repeated","1.0.0","-","-","-","-","-","-",false,true,false,false,false,"filenamify@4.3.0"
"ts-debounce","2.3.0","4.0.0","git+https://github.com/chodorowicz/ts-debounce.git","2021-02-01T23:57:19.353Z","chodorowicz (chodorowicz@gmail.com)",22208,"MIT",true,false,false,false,false,"use-hash-state@2.0.1"
"ts-jest-resolver","2.0.0","-","-","-","-","-","-",false,true,false,false,false,"psilly-site@0.0.0-use.local,psilly-site@0.0.42"
"ts-jest","29.0.5","-","-","-","-","-","-",false,true,false,false,false,"psilly-site@0.0.0-use.local,psilly-site@0.0.42"
"tslib","1.14.1","-","-","-","-","-","-",false,true,false,false,false,"tsutils@3.21.0"
"tsutils","3.21.0","-","-","-","-","-","-",false,true,false,false,false,"@typescript-eslint/eslint-plugin@5.53.0,@typescript-eslint/type-utils@5.53.0,@typescript-eslint/typescript-estree@5.53.0"
"type-check","0.4.0","-","-","-","-","-","-",false,true,false,true,false,"levn@0.4.1,optionator@0.9.1"
"type-detect","4.0.8","-","-","-","-","-","-",false,true,false,false,false,"@sinonjs/commons@2.0.0"
"type-fest","0.20.2","-","-","-","-","-","-",false,true,false,true,false,"globals@13.20.0"
"type-fest","0.21.3","-","-","-","-","-","-",false,true,false,false,false,"ansi-escapes@4.3.2"
"typed-array-length","1.0.4","-","-","-","-","-","-",false,true,false,false,false,"es-abstract@1.21.1"
"typescript","4.9.5","-","-","-","-","-","-",false,true,false,true,false,"psilly-site@0.0.0-use.local,psilly-site@0.0.42,ts-jest@29.0.5,tsutils@3.21.0"
"unbox-primitive","1.0.2","-","-","-","-","-","-",false,true,false,false,false,"es-abstract@1.21.1"
"unique-filename","2.0.1","-","-","-","-","-","-",false,false,false,false,false,"cacache@16.1.3"
"unique-slug","3.0.0","-","-","-","-","-","-",false,false,false,false,false,"unique-filename@2.0.1"
"universalify","0.1.2","-","-","-","-","-","-",false,true,false,false,false,"fs-extra@8.1.0"
"update-browserslist-db","1.0.10","-","-","-","-","-","-",false,true,false,false,false,"browserslist@4.21.5"
"uri-js","4.4.1","-","-","-","-","-","-",false,true,false,true,false,"ajv@6.12.6"
"use-hash-state","2.0.1","2.0.1","git+https://github.com/fzembow/use-hash-state.git","2020-04-19T03:45:48.177Z","fzembow (fil@formsort.com)",13372,"MIT",true,false,false,false,false,"psilly-site@0.0.0-use.local"
"util-deprecate","1.0.2","-","-","-","-","-","-",false,false,false,false,false,"readable-stream@3.6.0"
"v8-to-istanbul","9.1.0","-","-","-","-","-","-",false,true,false,false,false,"@jest/reporters@29.4.3"
"walker","1.0.8","-","-","-","-","-","-",false,true,false,true,false,"jest-haste-map@29.4.3"
"which-boxed-primitive","1.0.2","-","-","-","-","-","-",false,true,false,false,false,"unbox-primitive@1.0.2"
"which-typed-array","1.1.9","-","-","-","-","-","-",false,true,false,false,false,"es-abstract@1.21.1"
"which","2.0.2","-","-","-","-","-","-",false,true,false,true,false,"cross-spawn@7.0.3,node-gyp@9.3.1"
"wide-align","1.1.5","-","-","-","-","-","-",false,false,false,false,false,"gauge@4.0.4"
"wmr","3.8.0","-","-","-","-","-","-",false,true,false,false,false,"psilly-site@0.0.0-use.local,psilly-site@0.0.42"
"word-wrap","1.2.3","-","-","-","-","-","-",false,true,false,true,false,"optionator@0.9.1"
"wrap-ansi","7.0.0","-","-","-","-","-","-",false,true,false,false,false,"cliui@8.0.1"
"wrappy","1.0.2","-","-","-","-","-","-",false,true,false,true,false,"inflight@1.0.6,once@1.4.0"
"write-file-atomic","4.0.2","-","-","-","-","-","-",false,true,false,false,false,"@jest/transform@29.4.3"
"y18n","5.0.8","-","-","-","-","-","-",false,true,false,false,false,"yargs@17.7.0"
"yallist","3.1.1","-","-","-","-","-","-",false,true,false,false,false,"lru-cache@5.1.1"
"yallist","4.0.0","-","-","-","-","-","-",false,true,false,false,false,"lru-cache@6.0.0,minipass@3.3.6,minizlib@2.1.2,tar@6.1.13"
"yargs-parser","21.1.1","-","-","-","-","-","-",false,true,false,false,false,"ts-jest@29.0.5,yargs@17.7.0"
"yargs","17.7.0","-","-","-","-","-","-",false,true,false,false,false,"jest-cli@29.4.3"
"yocto-queue","0.1.0","-","-","-","-","-","-",false,true,false,true,false,"p-limit@3.1.0"